{"sections":{"image_banner":{"type":"image-banner","blocks":{"heading":{"type":"heading","settings":{"heading":"First & Only English Work Platform in Helsinki","heading_size":"h1"}},"button":{"type":"buttons","disabled":true,"settings":{"button_label_1":"Shop all","button_link_1":"shopify:\/\/collections\/all","button_style_secondary_1":true,"button_label_2":"","button_link_2":"","button_style_secondary_2":false}}},"block_order":["heading","button"],"settings":{"image":"shopify:\/\/shop_images\/find-talent-2x.jpg","image_overlay_opacity":30,"image_height":"small","desktop_content_position":"bottom-center","show_text_box":false,"desktop_content_alignment":"center","color_scheme":"scheme-5","image_behavior":"ambient","mobile_content_alignment":"center","stack_images_on_mobile":false,"show_text_below":false}},"image_with_text_9PyX9r":{"type":"image-with-text","blocks":{"heading_8BPPFg":{"type":"heading","settings":{"heading":"<strong>Hand-Picked Works <\/strong>","heading_size":"h1"}},"text_8yC7fn":{"type":"text","settings":{"text":"<p><strong>Find work that  is best for you.<\/strong><\/p>","text_style":"body"}},"button_iz8dAy":{"type":"button","settings":{"button_label":"Button label","button_link":"","button_style_secondary":false}}},"block_order":["heading_8BPPFg","text_8yC7fn","button_iz8dAy"],"settings":{"image":"shopify:\/\/shop_images\/find-great-work_2x_23915470-1630-4c0d-9553-3fee5cc48ea4.jpg","height":"small","desktop_image_width":"medium","layout":"text_first","desktop_content_position":"top","desktop_content_alignment":"left","content_layout":"no-overlap","section_color_scheme":"","color_scheme":"","image_behavior":"none","mobile_content_alignment":"left","padding_top":36,"padding_bottom":36}},"image_with_text_xCwghQ":{"type":"image-with-text","blocks":{"heading_rxFUir":{"type":"heading","settings":{"heading":"<strong>Find great work<\/strong>","heading_size":"h1"}},"text_j84Hph":{"type":"text","settings":{"text":"<p><strong>Meet clients you’re excited to work with and take your career or business to new heights.<\/strong><\/p>","text_style":"body"}},"button_B7yNcR":{"type":"button","disabled":true,"settings":{"button_label":"Button label","button_link":"","button_style_secondary":false}}},"block_order":["heading_rxFUir","text_j84Hph","button_B7yNcR"],"settings":{"image":"shopify:\/\/shop_images\/find-talent-2x.jpg","height":"adapt","desktop_image_width":"medium","layout":"image_first","desktop_content_position":"top","desktop_content_alignment":"left","content_layout":"no-overlap","section_color_scheme":"","color_scheme":"","image_behavior":"none","mobile_content_alignment":"left","padding_top":36,"padding_bottom":36}},"image_with_text_bxRaHF":{"type":"image-with-text","blocks":{"heading_XPJnAg":{"type":"heading","settings":{"heading":"<strong>Trusted by leading brands and startups<\/strong>","heading_size":"h1"}},"text_iYHDG8":{"type":"text","settings":{"text":"<p><strong>Find work that  is best for you.<\/strong><\/p>","text_style":"body"}},"button_h8aCyT":{"type":"button","disabled":true,"settings":{"button_label":"Button label","button_link":"","button_style_secondary":false}}},"block_order":["heading_XPJnAg","text_iYHDG8","button_h8aCyT"],"settings":{"image":"shopify:\/\/shop_images\/Global_talent_illustration.png","height":"adapt","desktop_image_width":"medium","layout":"text_first","desktop_content_position":"top","desktop_content_alignment":"left","content_layout":"no-overlap","section_color_scheme":"","color_scheme":"","image_behavior":"none","mobile_content_alignment":"left","padding_top":36,"padding_bottom":36}},"multicolumn_pBTxVa":{"type":"multicolumn","blocks":{"column_7J8FQA":{"type":"column","disabled":true,"settings":{"title":"<strong>Development & IT<\/strong>","text":"","link_label":"","link":""}},"column_DihxQA":{"type":"column","disabled":true,"settings":{"title":"<strong>Cleaning <\/strong>","text":"","link_label":"","link":""}},"column_MHp9xH":{"type":"column","settings":{"title":"<strong>Restaurants Worker<\/strong>","text":"<p><a href=\"https:\/\/tyomarkkinatori.fi\/henkiloasiakkaat\/avoimet-tyopaikat\/95ca6e37-db4c-43cb-8452- 14e8f390f212\/fi\" title=\"https:\/\/tyomarkkinatori.fi\/henkiloasiakkaat\/avoimet-tyopaikat\/95ca6e37-db4c-43cb-8452- 14e8f390f212\/fi\"><strong>Chef<\/strong><\/a><\/p><p><a href=\"https:\/\/tyomarkkinatori.fi\/henkiloasiakkaat\/avoimet-tyopaikat\/d9bed114-bf56-4f94-bc2e- 51c7b39ad53f\/fi\" title=\"https:\/\/tyomarkkinatori.fi\/henkiloasiakkaat\/avoimet-tyopaikat\/d9bed114-bf56-4f94-bc2e- 51c7b39ad53f\/fi\"><strong>Waiters<br\/><\/strong><\/a><a href=\"https:\/\/tyomarkkinatori.fi\/henkiloasiakkaat\/avoimet-tyopaikat\/2489f60d-9685-4dc8-9871- ce9f02879a5d\/en\" title=\"https:\/\/tyomarkkinatori.fi\/henkiloasiakkaat\/avoimet-tyopaikat\/2489f60d-9685-4dc8-9871- ce9f02879a5d\/en\"><strong>Kitchen porter<\/strong><\/a><\/p><p><a href=\"https:\/\/tyomarkkinatori.fi\/henkiloasiakkaat\/avoimet-tyopaikat\/c9fe6508-9bd9-4c60- 9d42-d5255ab1719a\/fi\" title=\"https:\/\/tyomarkkinatori.fi\/henkiloasiakkaat\/avoimet-tyopaikat\/c9fe6508-9bd9-4c60- 9d42-d5255ab1719a\/fi\"><strong>Dishwasher<\/strong><\/a><\/p>","link_label":"","link":""}},"column_PBMgpc":{"type":"column","disabled":true,"settings":{"title":"<strong>Development & IT<\/strong>","text":"","link_label":"","link":""}},"column_LwDGNr":{"type":"column","disabled":true,"settings":{"title":"<strong>Development & IT<\/strong>","text":"","link_label":"","link":""}},"column_YymhRN":{"type":"column","disabled":true,"settings":{"title":"Column","text":"<p>Pair text with an image to focus on your chosen product, collection, or blog post. Add details on availability, style, or even provide a review.<\/p>","link_label":"","link":""}},"column_mxrb7f":{"type":"column","disabled":true,"settings":{"title":"<strong>Development & IT<\/strong>","text":"","link_label":"","link":""}}},"block_order":["column_7J8FQA","column_DihxQA","column_MHp9xH","column_PBMgpc","column_LwDGNr","column_YymhRN","column_mxrb7f"],"settings":{"title":"<strong>Browse Work by category<\/strong>","heading_size":"h1","image_width":"full","image_ratio":"adapt","columns_desktop":1,"column_alignment":"left","background_style":"primary","button_label":"","button_link":"","color_scheme":"","columns_mobile":"1","swipe_on_mobile":false,"padding_top":36,"padding_bottom":36}}},"order":["image_banner","image_with_text_9PyX9r","image_with_text_xCwghQ","image_with_text_bxRaHF","multicolumn_pBTxVa"]}